first_name,amount
James,23
Josephine,96
Art,31
Lenna,78
Donette,71
Simona,96
Mitsue,89
Leota,22
Sage,73
Kris,26
Minna,61
Abel,45
Kiley,24
Graciela,54
Cammy,18
Mattie,9
Meaghan,50
Gladys,58
Yuki,59
Fletcher,90
Bette,96
Veronika,4
Willard,17
Maryann,5
Alisha,50
Allene,24
Chanel,94
Ezekiel,94
Willow,80
Bernardo,50
Ammie,65
Francine,35
Ernie,71
Albina,39
Alishia,80
Solange,17
Jose,83
Rozella,31
Valentine,21
Kati,82
Youlanda,2
Dyan,7
Roxane,14
Lavera,77
Erick,30
Fatima,22
Jina,88
Kanisha,63
Emerson,17
Blair,89
Brock,38
Lorrie,73
Sabra,63
Marjory,84
Karl,57
Tonette,72
Amber,20
Shenika,14
Delmy,10
Deeanna,81
Blondell,75
Jamal,97
Cecily,29
Carmelina,7
Maurine,92
Tawna,47
Penney,24
Elly,9
Ilene,58
Vallie,44
Kallie,3
Johnetta,24
Bobbye,96
Micaela,90
Tamar,55
Moon,63
Laurel,92
Delisa,34
Viva,73
Elza,30
Devorah,48
Timothy,68
Arlette,16
Dominque,27
Lettie,96
Myra,92
Stephaine,64
Lai,97
Stephen,54
Tyra,64
Tammara,60
Cory,51
Danica,84
Wilda,59
Elvera,3
Carma,97
Malinda,51
Natalie,19
Lisha,96
Arlene,81
Alease,69
Louisa,45
Angella,53
Cyndy,91
Rosio,56
Celeste,81
Twana,65
Estrella,81
Donte,98
Tiffiny,94
Edna,78
Sue,19
Jesusa,62
Rolland,78
Pamella,97
Glory,19
Shawna,56
Brandon,12
Scarlet,60
Oretha,46
Ty,59
Xuan,75
Lindsey,71
Devora,34
Herman,98
Rory,1
Talia,15
Van,36
Lucina,23
Bok,27
Rolande,35
Howard,30
Kimbery,25
Thurman,32
Becky,73
Beatriz,59
Marti,83
Nieves,98
Leatha,56
Valentin,89
Melissa,32
Sheridan,56
Bulah,28
Audra,60
Daren,56
Fernanda,91
Gearldine,69
Chau,49
Theola,66
Cheryl,37
Laticia,77
Carissa,76
Lezlie,4
Ozell,56
Arminda,48
Reita,43
Yolando,76
Lizette,93
Gregoria,85
Carin,61
Chantell,97
Dierdre,24
Larae,60
Latrice,2
Kerry,75
Dorthy,37
Fannie,98
Evangelina,43
Novella,36
Clay,3
Jennifer,43
Irma,52
Eun,21
Sylvia,17
Nana,100
Layla,32
Joesph,5
Annabelle,97
Stephaine,47
Nelida,92
Marguerita,65
Carmela,70
Junita,84
Claribel,87
Benton,35
Hillary,77
Merilyn,65
Teri,70
Merlyn,87
Georgene,50
Jettie,44
Lemuel,91
Melodie,59
Candida,20
Karan,10
Andra,94
Felicidad,68
Belen,42
Gracia,80
Jolanda,77
Barrett,70
Helga,55
Ashlyn,82
Fausto,58
Ronny,28
Marge,20
Norah,19
Aliza,27
Mozell,17
Viola,26
Franklyn,52
Willodean,86
Beckie,12
Rebecka,44
Frederica,79
Glen,48
Freeman,52
Vincent,7
Rima,60
Glendora,18
Avery,78
Cristy,29
Nicolette,25
Tracey,74
Virgina,42
Tiera,91
Alaine,44
Earleen,12
Leonida,10
Ressie,92
Justine,2
Eladia,59
Chaya,37
Gwenn,96
Salena,83
Yoko,91
Taryn,53
Katina,80
Rickie,61
Alex,58
Lashon,76
Lauran,5
Ceola,60
My,50
Lorrine,19
Peggie,72
Marvel,27
Daron,63
An,74
Portia,30
Rhea,88
Benedict,34
Alyce,38
Heike,38
Carey,65
Dottie,15
Deandrea,5
Kimberlie,67
Martina,64
Skye,43
Jade,63
Charlene,86
Geoffrey,38
Stevie,50
Pamella,93
Harrison,94
Johnna,38
Buddy,99
Dalene,72
Jerry,42
Haydee,99
Joseph,42
Deonna,62
Raymon,34
Alecia,73
Ma,19
Detra,74
Terrilyn,21
Salome,75
Garry,90
Matthew,76
Theodora,65
Noah,30
Carmen,10
Lavonda,10
Junita,26
Herminia,46
Casie,24
Reena,75
Mirta,90
Cathrine,35
Filiberto,18
Raul,12
Sarah,12
Lucy,26
Judy,6
Yvonne,98
Kayleigh,2
Felix,32
Tresa,58
Kristeen,26
Jenelle,73
Renea,76
Olive,38
Ligia,41
Christiane,68
Goldie,25
Loreta,79
Fabiola,46
Amie,71
Raina,63
Erinn,86
Cherry,79
Kattie,22
Lilli,14
Whitley,44
Barbra,97
Hermila,86
Jesusita,38
Caitlin,77
Roosevelt,12
Helaine,61
Lorean,96
France,4
Justine,71
Adelina,57
Derick,28
Jerry,69
Leota,43
Jutta,20
Aja,82
Kirk,1
Leonora,57
Winfred,46
Tarra,72
Corinne,16
Dulce,74
Kate,64
Kaitlyn,89
Sherita,36
Lashawnda,2
Ernest,32
Nobuko,74
Lavonna,27
Lashaunda,69
Mariann,52
Helene,82
Roselle,80
Samira,57
Margart,49
Kristofer,64
Weldon,79
Shalon,77
Denise,52
Louvenia,77
Audry,78
Kristel,8
Vincenza,95
Elouise,84
Venita,70
Kasandra,28
Xochitl,56
Maile,75
Krissy,47
Pete,45
Linn,49
Paris,87
Wynell,56
Quentin,65
Regenia,34
Sheron,5
Izetta,12
Rodolfo,86
Zona,76
Serina,74
Paz,12
Markus,16
Jaclyn,62
Cyril,31
Gayla,26
Erick,46
Jennie,5
Mitsue,41
Ciara,93
Galen,5
Truman,58
Gail,85
Dalene,73
Gertude,47
Lizbeth,4
Glenn,86
Lashandra,94
Lenna,86
Laurel,27
Mireya,41
Annelle,61
Dean,73
Levi,45
Sylvie,17
Sharee,22
Cordelia,30
Mollie,1
Brett,5
Teddy,11
Tasia,5
Hubert,91
Arthur,41
Vilma,1
Billye,29
Glenna,67
Mitzie,92
Bernardine,16
Staci,6
Nichelle,89
Janine,91
Ettie,67
Eden,56
Lynelle,40
Merissa,20
Golda,30
Catarina,30
Virgie,76
Jolene,57
Keneth,87
Rikki,52
Elke,44
Hoa,24
Trinidad,38
Mari,46
Selma,65
Antione,44
Luisa,35
Clorinda,4
Dick,33
Ahmed,51
Iluminada,1
Joanna,26
Caprice,38
Stephane,59
Quentin,17
Annmarie,20
Shonda,44
Cecil,50
Jeanice,88
Josphine,92
Daniel,39
Cassi,38
Britt,20
Adell,9
Jacqueline,24
Lonny,7
Lonna,43
Cristal,21
Kenneth,27
Elli,14
Alline,38
Sharika,52
Nu,72
Daniela,7
Cecilia,96
Leslie,85
Nan,32
Izetta,18
Tegan,34
Ruthann,64
Joni,100
Vi,61
Colette,80
Malcolm,50
Ryan,16
Jess,99
Sharen,57
Nickolas,60
Gary,49
Diane,10
Roslyn,81
Glory,44
Rasheeda,24
Alpha,62
Refugia,82
Shawnda,57
Mona,28
Gilma,52
Janey,43
Lili,64
Loren,56
Dorothy,100
Gail,42
Catalina,51
Lawrence,82
Carlee,38
Thaddeus,47
Jovita,62
Alesia,51
Lai,59
Brittni,18
Raylene,16
Flo,95
Jani,85
Chauncey,96